Workbook

Sheet WIP Schedule
A1: Job ID | B1: Job Name | C1: Contract Value | D1: Estimated Total Cost | E1: Cost to Date | F1: Billed to Date | G1: Percent Complete | H1: Earned Revenue | I1: Cost to Complete | J1: Est. Gross Profit | K1: Gross Profit to Date | L1: Over/Under Billing | M1: Status
A2: J-1001 | B2: Riverside Transit Hub | C2: 1200000 | D2: 800000 | E2: 480000 | F2: 700000 | G2: =ROUND(E2/D2,4) | H2: =ROUND(C2*E2/D2,2) | I2: =D2-E2 | J2: =C2-D2 | K2: =H2-E2 | L2: =H2-F2 | M2: =IF(L2>0,"Underbilled",IF(L2<0,"Overbilled","Even"))
A3: J-1002 | B3: Maple Street Reno | C3: 500000 | D3: 350000 | E3: 70000 | F3: 150000 | G3: =ROUND(E3/D3,4) | H3: =ROUND(C3*E3/D3,2) | I3: =D3-E3 | J3: =C3-D3 | K3: =H3-E3 | L3: =H3-F3 | M3: =IF(L3>0,"Underbilled",IF(L3<0,"Overbilled","Even"))
A4: J-1003 | B4: Harbour Warehouse Fit-Out | C4: 250000 | D4: 200000 | E4: 200000 | F4: 250000 | G4: =ROUND(E4/D4,4) | H4: =ROUND(C4*E4/D4,2) | I4: =D4-E4 | J4: =C4-D4 | K4: =H4-E4 | L4: =H4-F4 | M4: =IF(L4>0,"Underbilled",IF(L4<0,"Overbilled","Even"))
A5: J-1004 | B5: Northgate Parkade | C5: 600000 | D5: 420000 | E5: 0 | F5: 60000 | G5: =ROUND(E5/D5,4) | H5: =ROUND(C5*E5/D5,2) | I5: =D5-E5 | J5: =C5-D5 | K5: =H5-E5 | L5: =H5-F5 | M5: =IF(L5>0,"Underbilled",IF(L5<0,"Overbilled","Even"))
A6: J-1005 | B6: Lakeshore Civic Centre | C6: 2400000 | D6: 1800000 | E6: 900000 | F6: 1150000 | G6: =ROUND(E6/D6,4) | H6: =ROUND(C6*E6/D6,2) | I6: =D6-E6 | J6: =C6-D6 | K6: =H6-E6 | L6: =H6-F6 | M6: =IF(L6>0,"Underbilled",IF(L6<0,"Overbilled","Even"))
A7: J-1006 | B7: Elm Court Townhomes | C7: 380000 | D7: 360000 | E7: 351000 | F7: 372000 | G7: =ROUND(E7/D7,4) | H7: =ROUND(C7*E7/D7,2) | I7: =D7-E7 | J7: =C7-D7 | K7: =H7-E7 | L7: =H7-F7 | M7: =IF(L7>0,"Underbilled",IF(L7<0,"Overbilled","Even"))
A8: Total | C8: =SUM(C2:C7) | D8: =SUM(D2:D7) | E8: =SUM(E2:E7) | F8: =SUM(F2:F7) | G8: =ROUND(SUM(E2:E7)/SUM(D2:D7),4) | H8: =SUM(H2:H7) | I8: =SUM(I2:I7) | J8: =SUM(J2:J7) | K8: =SUM(K2:K7) | L8: =SUM(L2:L7)

Sheet Dashboard
A1: Construction WIP Dashboard
A3: Total contract value | B3: =SUM('WIP Schedule'!C2:C7)
A4: Total estimated cost | B4: =SUM('WIP Schedule'!D2:D7)
A5: Total cost to date | B5: =SUM('WIP Schedule'!E2:E7)
A6: Total billed to date | B6: =SUM('WIP Schedule'!F2:F7)
A7: Total earned revenue | B7: =SUM('WIP Schedule'!H2:H7)
A8: Net over/under billing | B8: =SUM('WIP Schedule'!L2:L7)
A9: Gross profit to date | B9: =SUM('WIP Schedule'!K2:K7)
A10: Est. gross profit at completion | B10: =SUM('WIP Schedule'!J2:J7)
A11: Underbilled jobs | B11: =COUNTIF('WIP Schedule'!M2:M7,"Underbilled")
A12: Overbilled jobs | B12: =COUNTIF('WIP Schedule'!M2:M7,"Overbilled")
A13: Even jobs | B13: =COUNTIF('WIP Schedule'!M2:M7,"Even")
