Workbook

Sheet Allocation
A1: Department | B1: Driver | C1: Cloud hosting | D1: Security tooling | E1: Shared licenses | F1: Total
A2: Pool amount | B2: 100 | C2: 60000 | D2: 25000 | E2: 15000 | F2: =SUM(C2:E2)
A3: Engineering | B3: 40 | C3: =ROUND(C$2*$B3/$B$2,2) | D3: =ROUND(D$2*$B3/$B$2,2) | E3: =ROUND(E$2*$B3/$B$2,2) | F3: =SUM(C3:E3)
A4: Finance | B4: 15 | C4: =ROUND(C$2*$B4/$B$2,2) | D4: =ROUND(D$2*$B4/$B$2,2) | E4: =ROUND(E$2*$B4/$B$2,2) | F4: =SUM(C4:E4)
A5: Sales | B5: 25 | C5: =ROUND(C$2*$B5/$B$2,2) | D5: =ROUND(D$2*$B5/$B$2,2) | E5: =ROUND(E$2*$B5/$B$2,2) | F5: =SUM(C5:E5)
A6: Support | B6: 20 | C6: =ROUND(C$2*$B6/$B$2,2) | D6: =ROUND(D$2*$B6/$B$2,2) | E6: =ROUND(E$2*$B6/$B$2,2) | F6: =SUM(C6:E6)
A7: Total | B7: =SUM(B3:B6) | C7: =SUM(C3:C6) | D7: =SUM(D3:D6) | E7: =SUM(E3:E6) | F7: =SUM(F3:F6)

Sheet Dashboard
A1: IT Showback Dashboard
A3: Total pool | B3: ='Allocation'!F2
A4: Total allocated | B4: ='Allocation'!F7
A5: Departments | B5: 4
A6: Engineering chargeback | B6: ='Allocation'!F3
A7: Finance chargeback | B7: ='Allocation'!F4
A8: Sales chargeback | B8: ='Allocation'!F5
A9: Support chargeback | B9: ='Allocation'!F6
