Workbook

Sheet data
A1: evt_date | B1: evt_rin | C1: category | D1: code | E1: location
A2: 46208 | B2: 1530092 | C2: THEFT FROM VEHICLE | D2: 2142 | E2: ALBEMARLE ST
A3: 46208 | B3: 1530116 | C3: BREAK AND ENTER | D3: 2120 | E3: BRUNSWICK ST
A4: 46208 | B4: 1530119 | C4: THEFT OF VEHICLE | D4: 2135 | E4: STONEYBROOK CRT
A5: 46208 | B5: 1530145 | C5: THEFT FROM VEHICLE | D5: 2132 | E5: SHAUGHNESSY PL
A6: 46208 | B6: 1530152 | C6: ASSAULT | D6: 1430 | E6: ARMENIA DR
A7: 46208 | B7: 1530153 | C7: THEFT FROM VEHICLE | D7: 2132 | E7: VIMY AVE
A8: 46208 | B8: 1530160 | C8: ASSAULT | D8: 1430 | E8: HALEF CRT
A9: 46208 | B9: 1530192 | C9: ASSAULT | D9: 1430 | E9: GREENWOOD AVE
A10: 46208 | B10: 1530214 | C10: ASSAULT | D10: 1460 | E10: HIGHWAY 111 WB EXIT 5 ON RAMP / LAKESHORE PARK TERR
A11: 46208 | B11: 1530236 | C11: ASSAULT | D11: 1430 | E11: LOWER WATER ST
A12: 46208 | B12: 1530242 | C12: ASSAULT | D12: 1420 | E12: BEDFORD HWY
A13: 46209 | B13: 1530248 | C13: ASSAULT | D13: 1420 | E13: ROMANS AVE
... A91: 46214 | B91: 1531461 | C91: ASSAULT | D91: 1430 | E91: CUNARD ST

Sheet summary
A1: Halifax crime snapshot
A2: Snapshot pulled 2026-07-13; incidents dated 2026-07-05 to 2026-07-11.
A3: Every count and share below is a live formula against the data sheet.
A5: Total incidents | B5: =COUNTA(data!$C$2:$C$91)
A7: Category | B7: Incidents | C7: Share %
A8: ASSAULT | B8: =COUNTIF(data!$C$2:$C$91,A8) | C8: =ROUND(100*B8/$B$5,1)
A9: BREAK AND ENTER | B9: =COUNTIF(data!$C$2:$C$91,A9) | C9: =ROUND(100*B9/$B$5,1)
A10: THEFT FROM VEHICLE | B10: =COUNTIF(data!$C$2:$C$91,A10) | C10: =ROUND(100*B10/$B$5,1)
A11: THEFT OF VEHICLE | B11: =COUNTIF(data!$C$2:$C$91,A11) | C11: =ROUND(100*B11/$B$5,1)
A12: Total | B12: =SUM(B8:B11) | C12: =ROUND(100*B12/$B$5,1)
A14: Top category | B14: =INDEX($A$8:$A$11,MATCH(MAX($B$8:$B$11),$B$8:$B$11,0))
A15: Top category incidents | B15: =MAX($B$8:$B$11)
A16: Top category share % | B16: =ROUND(100*B15/$B$5,1)

Sheet by_area
A1: Incidents by area (location)
A3: Location | B3: Incidents
A4: ALBEMARLE ST | B4: =COUNTIF(data!$E$2:$E$91,A4)
A5: ALDERNEY DR | B5: =COUNTIF(data!$E$2:$E$91,A5)
A6: ARMENIA DR | B6: =COUNTIF(data!$E$2:$E$91,A6)
A7: ARMOURY PL | B7: =COUNTIF(data!$E$2:$E$91,A7)
A8: BARRINGTON ST | B8: =COUNTIF(data!$E$2:$E$91,A8)
A9: BEDFORD HWY | B9: =COUNTIF(data!$E$2:$E$91,A9)
A10: BELL RD | B10: =COUNTIF(data!$E$2:$E$91,A10)
A11: BERKSHIRE CL | B11: =COUNTIF(data!$E$2:$E$91,A11)
A12: BRAEMAR DR | B12: =COUNTIF(data!$E$2:$E$91,A12)
A13: BRULE ST | B13: =COUNTIF(data!$E$2:$E$91,A13)
A14: BRUNSWICK ST | B14: =COUNTIF(data!$E$2:$E$91,A14)
A15: CALDWELL RD | B15: =COUNTIF(data!$E$2:$E$91,A15)
... A85: YALE ST | B85: =COUNTIF(data!$E$2:$E$91,A85)
A86: Total | B86: =SUM(B4:B85)
