Workbook

Sheet Data
A1: region | B1: scenario | C1: period | D1: value_degc
A2: Annapolis | B2: RCP4.5 | C2: 2010 | D2: 6.9329523
A3: Annapolis | B3: RCP4.5 | C3: 2045 | D3: 8.2653285
A4: Annapolis | B4: RCP4.5 | C4: 2095 | D4: 9.5775447
A5: Annapolis | B5: RCP8.5 | C5: 2010 | D5: 6.9483103
A6: Annapolis | B6: RCP8.5 | C6: 2045 | D6: 8.3351199
A7: Annapolis | B7: RCP8.5 | C7: 2095 | D7: 11.531743
A8: Antigonish | B8: RCP4.5 | C8: 2010 | D8: 6.286917
A9: Antigonish | B9: RCP4.5 | C9: 2045 | D9: 7.6294886
A10: Antigonish | B10: RCP4.5 | C10: 2095 | D10: 8.9558262
A11: Antigonish | B11: RCP8.5 | C11: 2010 | D11: 6.2858785
A12: Antigonish | B12: RCP8.5 | C12: 2045 | D12: 7.6380982
A13: Antigonish | B13: RCP8.5 | C13: 2095 | D13: 10.900037
... A109: Yarmouth | B109: RCP8.5 | C109: 2095 | D109: 11.753071

Sheet Model
A1: Climate-projection summary: annual mean temperature deltas by county (degC, CMIP5 p50)
A3: Region | B3: Baseline RCP4.5 (1981-2010) | C3: Baseline RCP8.5 (1981-2010) | D3: RCP4.5 2045 | E3: RCP8.5 2045 | F3: RCP4.5 2095 | G3: RCP8.5 2095 | H3: Delta RCP4.5 2045 | I3: Delta RCP8.5 2045 | J3: Delta RCP4.5 2095 | K3: Delta RCP8.5 2095 | L3: Sort key
A4: Annapolis | B4: =IF(COUNTIFS(Data!$A:$A,$A4,Data!$B:$B,"RCP4.5",Data!$C:$C,"2010")=0,"n/a",ROUND(AVERAGEIFS(Data!$D:$D,Data!$A:$A,$A4,Data!$B:$B,"RCP4.5",Data!$C:$C,"2010"),2)) | C4: =IF(COUNTIFS(Data!$A:$A,$A4,Data!$B:$B,"RCP8.5",Data!$C:$C,"2010")=0,"n/a",ROUND(AVERAGEIFS(Data!$D:$D,Data!$A:$A,$A4,Data!$B:$B,"RCP8.5",Data!$C:$C,"2010"),2)) | D4: =IF(COUNTIFS(Data!$A:$A,$A4,Data!$B:$B,"RCP4.5",Data!$C:$C,"2045")=0,"n/a",ROUND(AVERAGEIFS(Data!$D:$D,Data!$A:$A,$A4,Data!$B:$B,"RCP4.5",Data!$C:$C,"2045"),2)) | E4: =IF(COUNTIFS(Data!$A:$A,$A4,Data!$B:$B,"RCP8.5",Data!$C:$C,"2045")=0,"n/a",ROUND(AVERAGEIFS(Data!$D:$D,Data!$A:$A,$A4,Data!$B:$B,"RCP8.5",Data!$C:$C,"2045"),2)) | F4: =IF(COUNTIFS(Data!$A:$A,$A4,Data!$B:$B,"RCP4.5",Data!$C:$C,"2095")=0,"n/a",ROUND(AVERAGEIFS(Data!$D:$D,Data!$A:$A,$A4,Data!$B:$B,"RCP4.5",Data!$C:$C,"2095"),2)) | G4: =IF(COUNTIFS(Data!$A:$A,$A4,Data!$B:$B,"RCP8.5",Data!$C:$C,"2095")=0,"n/a",ROUND(AVERAGEIFS(Data!$D:$D,Data!$A:$A,$A4,Data!$B:$B,"RCP8.5",Data!$C:$C,"2095"),2)) | H4: =IF(OR(ISTEXT(B4),ISTEXT(D4)),"n/a",ROUND(D4-B4,2)) | I4: =IF(OR(ISTEXT(C4),ISTEXT(E4)),"n/a",ROUND(E4-C4,2)) | J4: =IF(OR(ISTEXT(B4),ISTEXT(F4)),"n/a",ROUND(F4-B4,2)) | K4: =IF(OR(ISTEXT(C4),ISTEXT(G4)),"n/a",ROUND(G4-C4,2)) | L4: =IF(ISTEXT($K4),"n/a",ROUND($K4*100,0)*1000+(21-ROW()))
A5: Antigonish | B5: =IF(COUNTIFS(Data!$A:$A,$A5,Data!$B:$B,"RCP4.5",Data!$C:$C,"2010")=0,"n/a",ROUND(AVERAGEIFS(Data!$D:$D,Data!$A:$A,$A5,Data!$B:$B,"RCP4.5",Data!$C:$C,"2010"),2)) | C5: =IF(COUNTIFS(Data!$A:$A,$A5,Data!$B:$B,"RCP8.5",Data!$C:$C,"2010")=0,"n/a",ROUND(AVERAGEIFS(Data!$D:$D,Data!$A:$A,$A5,Data!$B:$B,"RCP8.5",Data!$C:$C,"2010"),2)) | D5: =IF(COUNTIFS(Data!$A:$A,$A5,Data!$B:$B,"RCP4.5",Data!$C:$C,"2045")=0,"n/a",ROUND(AVERAGEIFS(Data!$D:$D,Data!$A:$A,$A5,Data!$B:$B,"RCP4.5",Data!$C:$C,"2045"),2)) | E5: =IF(COUNTIFS(Data!$A:$A,$A5,Data!$B:$B,"RCP8.5",Data!$C:$C,"2045")=0,"n/a",ROUND(AVERAGEIFS(Data!$D:$D,Data!$A:$A,$A5,Data!$B:$B,"RCP8.5",Data!$C:$C,"2045"),2)) | F5: =IF(COUNTIFS(Data!$A:$A,$A5,Data!$B:$B,"RCP4.5",Data!$C:$C,"2095")=0,"n/a",ROUND(AVERAGEIFS(Data!$D:$D,Data!$A:$A,$A5,Data!$B:$B,"RCP4.5",Data!$C:$C,"2095"),2)) | G5: =IF(COUNTIFS(Data!$A:$A,$A5,Data!$B:$B,"RCP8.5",Data!$C:$C,"2095")=0,"n/a",ROUND(AVERAGEIFS(Data!$D:$D,Data!$A:$A,$A5,Data!$B:$B,"RCP8.5",Data!$C:$C,"2095"),2)) | H5: =IF(OR(ISTEXT(B5),ISTEXT(D5)),"n/a",ROUND(D5-B5,2)) | I5: =IF(OR(ISTEXT(C5),ISTEXT(E5)),"n/a",ROUND(E5-C5,2)) | J5: =IF(OR(ISTEXT(B5),ISTEXT(F5)),"n/a",ROUND(F5-B5,2)) | K5: =IF(OR(ISTEXT(C5),ISTEXT(G5)),"n/a",ROUND(G5-C5,2)) | L5: =IF(ISTEXT($K5),"n/a",ROUND($K5*100,0)*1000+(21-ROW()))
A6: Cape Breton | B6: =IF(COUNTIFS(Data!$A:$A,$A6,Data!$B:$B,"RCP4.5",Data!$C:$C,"2010")=0,"n/a",ROUND(AVERAGEIFS(Data!$D:$D,Data!$A:$A,$A6,Data!$B:$B,"RCP4.5",Data!$C:$C,"2010"),2)) | C6: =IF(COUNTIFS(Data!$A:$A,$A6,Data!$B:$B,"RCP8.5",Data!$C:$C,"2010")=0,"n/a",ROUND(AVERAGEIFS(Data!$D:$D,Data!$A:$A,$A6,Data!$B:$B,"RCP8.5",Data!$C:$C,"2010"),2)) | D6: =IF(COUNTIFS(Data!$A:$A,$A6,Data!$B:$B,"RCP4.5",Data!$C:$C,"2045")=0,"n/a",ROUND(AVERAGEIFS(Data!$D:$D,Data!$A:$A,$A6,Data!$B:$B,"RCP4.5",Data!$C:$C,"2045"),2)) | E6: =IF(COUNTIFS(Data!$A:$A,$A6,Data!$B:$B,"RCP8.5",Data!$C:$C,"2045")=0,"n/a",ROUND(AVERAGEIFS(Data!$D:$D,Data!$A:$A,$A6,Data!$B:$B,"RCP8.5",Data!$C:$C,"2045"),2)) | F6: =IF(COUNTIFS(Data!$A:$A,$A6,Data!$B:$B,"RCP4.5",Data!$C:$C,"2095")=0,"n/a",ROUND(AVERAGEIFS(Data!$D:$D,Data!$A:$A,$A6,Data!$B:$B,"RCP4.5",Data!$C:$C,"2095"),2)) | G6: =IF(COUNTIFS(Data!$A:$A,$A6,Data!$B:$B,"RCP8.5",Data!$C:$C,"2095")=0,"n/a",ROUND(AVERAGEIFS(Data!$D:$D,Data!$A:$A,$A6,Data!$B:$B,"RCP8.5",Data!$C:$C,"2095"),2)) | H6: =IF(OR(ISTEXT(B6),ISTEXT(D6)),"n/a",ROUND(D6-B6,2)) | I6: =IF(OR(ISTEXT(C6),ISTEXT(E6)),"n/a",ROUND(E6-C6,2)) | J6: =IF(OR(ISTEXT(B6),ISTEXT(F6)),"n/a",ROUND(F6-B6,2)) | K6: =IF(OR(ISTEXT(C6),ISTEXT(G6)),"n/a",ROUND(G6-C6,2)) | L6: =IF(ISTEXT($K6),"n/a",ROUND($K6*100,0)*1000+(21-ROW()))
A7: Colchester | B7: =IF(COUNTIFS(Data!$A:$A,$A7,Data!$B:$B,"RCP4.5",Data!$C:$C,"2010")=0,"n/a",ROUND(AVERAGEIFS(Data!$D:$D,Data!$A:$A,$A7,Data!$B:$B,"RCP4.5",Data!$C:$C,"2010"),2)) | C7: =IF(COUNTIFS(Data!$A:$A,$A7,Data!$B:$B,"RCP8.5",Data!$C:$C,"2010")=0,"n/a",ROUND(AVERAGEIFS(Data!$D:$D,Data!$A:$A,$A7,Data!$B:$B,"RCP8.5",Data!$C:$C,"2010"),2)) | D7: =IF(COUNTIFS(Data!$A:$A,$A7,Data!$B:$B,"RCP4.5",Data!$C:$C,"2045")=0,"n/a",ROUND(AVERAGEIFS(Data!$D:$D,Data!$A:$A,$A7,Data!$B:$B,"RCP4.5",Data!$C:$C,"2045"),2)) | E7: =IF(COUNTIFS(Data!$A:$A,$A7,Data!$B:$B,"RCP8.5",Data!$C:$C,"2045")=0,"n/a",ROUND(AVERAGEIFS(Data!$D:$D,Data!$A:$A,$A7,Data!$B:$B,"RCP8.5",Data!$C:$C,"2045"),2)) | F7: =IF(COUNTIFS(Data!$A:$A,$A7,Data!$B:$B,"RCP4.5",Data!$C:$C,"2095")=0,"n/a",ROUND(AVERAGEIFS(Data!$D:$D,Data!$A:$A,$A7,Data!$B:$B,"RCP4.5",Data!$C:$C,"2095"),2)) | G7: =IF(COUNTIFS(Data!$A:$A,$A7,Data!$B:$B,"RCP8.5",Data!$C:$C,"2095")=0,"n/a",ROUND(AVERAGEIFS(Data!$D:$D,Data!$A:$A,$A7,Data!$B:$B,"RCP8.5",Data!$C:$C,"2095"),2)) | H7: =IF(OR(ISTEXT(B7),ISTEXT(D7)),"n/a",ROUND(D7-B7,2)) | I7: =IF(OR(ISTEXT(C7),ISTEXT(E7)),"n/a",ROUND(E7-C7,2)) | J7: =IF(OR(ISTEXT(B7),ISTEXT(F7)),"n/a",ROUND(F7-B7,2)) | K7: =IF(OR(ISTEXT(C7),ISTEXT(G7)),"n/a",ROUND(G7-C7,2)) | L7: =IF(ISTEXT($K7),"n/a",ROUND($K7*100,0)*1000+(21-ROW()))
A8: Cumberland | B8: =IF(COUNTIFS(Data!$A:$A,$A8,Data!$B:$B,"RCP4.5",Data!$C:$C,"2010")=0,"n/a",ROUND(AVERAGEIFS(Data!$D:$D,Data!$A:$A,$A8,Data!$B:$B,"RCP4.5",Data!$C:$C,"2010"),2)) | C8: =IF(COUNTIFS(Data!$A:$A,$A8,Data!$B:$B,"RCP8.5",Data!$C:$C,"2010")=0,"n/a",ROUND(AVERAGEIFS(Data!$D:$D,Data!$A:$A,$A8,Data!$B:$B,"RCP8.5",Data!$C:$C,"2010"),2)) | D8: =IF(COUNTIFS(Data!$A:$A,$A8,Data!$B:$B,"RCP4.5",Data!$C:$C,"2045")=0,"n/a",ROUND(AVERAGEIFS(Data!$D:$D,Data!$A:$A,$A8,Data!$B:$B,"RCP4.5",Data!$C:$C,"2045"),2)) | E8: =IF(COUNTIFS(Data!$A:$A,$A8,Data!$B:$B,"RCP8.5",Data!$C:$C,"2045")=0,"n/a",ROUND(AVERAGEIFS(Data!$D:$D,Data!$A:$A,$A8,Data!$B:$B,"RCP8.5",Data!$C:$C,"2045"),2)) | F8: =IF(COUNTIFS(Data!$A:$A,$A8,Data!$B:$B,"RCP4.5",Data!$C:$C,"2095")=0,"n/a",ROUND(AVERAGEIFS(Data!$D:$D,Data!$A:$A,$A8,Data!$B:$B,"RCP4.5",Data!$C:$C,"2095"),2)) | G8: =IF(COUNTIFS(Data!$A:$A,$A8,Data!$B:$B,"RCP8.5",Data!$C:$C,"2095")=0,"n/a",ROUND(AVERAGEIFS(Data!$D:$D,Data!$A:$A,$A8,Data!$B:$B,"RCP8.5",Data!$C:$C,"2095"),2)) | H8: =IF(OR(ISTEXT(B8),ISTEXT(D8)),"n/a",ROUND(D8-B8,2)) | I8: =IF(OR(ISTEXT(C8),ISTEXT(E8)),"n/a",ROUND(E8-C8,2)) | J8: =IF(OR(ISTEXT(B8),ISTEXT(F8)),"n/a",ROUND(F8-B8,2)) | K8: =IF(OR(ISTEXT(C8),ISTEXT(G8)),"n/a",ROUND(G8-C8,2)) | L8: =IF(ISTEXT($K8),"n/a",ROUND($K8*100,0)*1000+(21-ROW()))
A9: Digby | B9: =IF(COUNTIFS(Data!$A:$A,$A9,Data!$B:$B,"RCP4.5",Data!$C:$C,"2010")=0,"n/a",ROUND(AVERAGEIFS(Data!$D:$D,Data!$A:$A,$A9,Data!$B:$B,"RCP4.5",Data!$C:$C,"2010"),2)) | C9: =IF(COUNTIFS(Data!$A:$A,$A9,Data!$B:$B,"RCP8.5",Data!$C:$C,"2010")=0,"n/a",ROUND(AVERAGEIFS(Data!$D:$D,Data!$A:$A,$A9,Data!$B:$B,"RCP8.5",Data!$C:$C,"2010"),2)) | D9: =IF(COUNTIFS(Data!$A:$A,$A9,Data!$B:$B,"RCP4.5",Data!$C:$C,"2045")=0,"n/a",ROUND(AVERAGEIFS(Data!$D:$D,Data!$A:$A,$A9,Data!$B:$B,"RCP4.5",Data!$C:$C,"2045"),2)) | E9: =IF(COUNTIFS(Data!$A:$A,$A9,Data!$B:$B,"RCP8.5",Data!$C:$C,"2045")=0,"n/a",ROUND(AVERAGEIFS(Data!$D:$D,Data!$A:$A,$A9,Data!$B:$B,"RCP8.5",Data!$C:$C,"2045"),2)) | F9: =IF(COUNTIFS(Data!$A:$A,$A9,Data!$B:$B,"RCP4.5",Data!$C:$C,"2095")=0,"n/a",ROUND(AVERAGEIFS(Data!$D:$D,Data!$A:$A,$A9,Data!$B:$B,"RCP4.5",Data!$C:$C,"2095"),2)) | G9: =IF(COUNTIFS(Data!$A:$A,$A9,Data!$B:$B,"RCP8.5",Data!$C:$C,"2095")=0,"n/a",ROUND(AVERAGEIFS(Data!$D:$D,Data!$A:$A,$A9,Data!$B:$B,"RCP8.5",Data!$C:$C,"2095"),2)) | H9: =IF(OR(ISTEXT(B9),ISTEXT(D9)),"n/a",ROUND(D9-B9,2)) | I9: =IF(OR(ISTEXT(C9),ISTEXT(E9)),"n/a",ROUND(E9-C9,2)) | J9: =IF(OR(ISTEXT(B9),ISTEXT(F9)),"n/a",ROUND(F9-B9,2)) | K9: =IF(OR(ISTEXT(C9),ISTEXT(G9)),"n/a",ROUND(G9-C9,2)) | L9: =IF(ISTEXT($K9),"n/a",ROUND($K9*100,0)*1000+(21-ROW()))
A10: Guysborough | B10: =IF(COUNTIFS(Data!$A:$A,$A10,Data!$B:$B,"RCP4.5",Data!$C:$C,"2010")=0,"n/a",ROUND(AVERAGEIFS(Data!$D:$D,Data!$A:$A,$A10,Data!$B:$B,"RCP4.5",Data!$C:$C,"2010"),2)) | C10: =IF(COUNTIFS(Data!$A:$A,$A10,Data!$B:$B,"RCP8.5",Data!$C:$C,"2010")=0,"n/a",ROUND(AVERAGEIFS(Data!$D:$D,Data!$A:$A,$A10,Data!$B:$B,"RCP8.5",Data!$C:$C,"2010"),2)) | D10: =IF(COUNTIFS(Data!$A:$A,$A10,Data!$B:$B,"RCP4.5",Data!$C:$C,"2045")=0,"n/a",ROUND(AVERAGEIFS(Data!$D:$D,Data!$A:$A,$A10,Data!$B:$B,"RCP4.5",Data!$C:$C,"2045"),2)) | E10: =IF(COUNTIFS(Data!$A:$A,$A10,Data!$B:$B,"RCP8.5",Data!$C:$C,"2045")=0,"n/a",ROUND(AVERAGEIFS(Data!$D:$D,Data!$A:$A,$A10,Data!$B:$B,"RCP8.5",Data!$C:$C,"2045"),2)) | F10: =IF(COUNTIFS(Data!$A:$A,$A10,Data!$B:$B,"RCP4.5",Data!$C:$C,"2095")=0,"n/a",ROUND(AVERAGEIFS(Data!$D:$D,Data!$A:$A,$A10,Data!$B:$B,"RCP4.5",Data!$C:$C,"2095"),2)) | G10: =IF(COUNTIFS(Data!$A:$A,$A10,Data!$B:$B,"RCP8.5",Data!$C:$C,"2095")=0,"n/a",ROUND(AVERAGEIFS(Data!$D:$D,Data!$A:$A,$A10,Data!$B:$B,"RCP8.5",Data!$C:$C,"2095"),2)) | H10: =IF(OR(ISTEXT(B10),ISTEXT(D10)),"n/a",ROUND(D10-B10,2)) | I10: =IF(OR(ISTEXT(C10),ISTEXT(E10)),"n/a",ROUND(E10-C10,2)) | J10: =IF(OR(ISTEXT(B10),ISTEXT(F10)),"n/a",ROUND(F10-B10,2)) | K10: =IF(OR(ISTEXT(C10),ISTEXT(G10)),"n/a",ROUND(G10-C10,2)) | L10: =IF(ISTEXT($K10),"n/a",ROUND($K10*100,0)*1000+(21-ROW()))
A11: Halifax | B11: =IF(COUNTIFS(Data!$A:$A,$A11,Data!$B:$B,"RCP4.5",Data!$C:$C,"2010")=0,"n/a",ROUND(AVERAGEIFS(Data!$D:$D,Data!$A:$A,$A11,Data!$B:$B,"RCP4.5",Data!$C:$C,"2010"),2)) | C11: =IF(COUNTIFS(Data!$A:$A,$A11,Data!$B:$B,"RCP8.5",Data!$C:$C,"2010")=0,"n/a",ROUND(AVERAGEIFS(Data!$D:$D,Data!$A:$A,$A11,Data!$B:$B,"RCP8.5",Data!$C:$C,"2010"),2)) | D11: =IF(COUNTIFS(Data!$A:$A,$A11,Data!$B:$B,"RCP4.5",Data!$C:$C,"2045")=0,"n/a",ROUND(AVERAGEIFS(Data!$D:$D,Data!$A:$A,$A11,Data!$B:$B,"RCP4.5",Data!$C:$C,"2045"),2)) | E11: =IF(COUNTIFS(Data!$A:$A,$A11,Data!$B:$B,"RCP8.5",Data!$C:$C,"2045")=0,"n/a",ROUND(AVERAGEIFS(Data!$D:$D,Data!$A:$A,$A11,Data!$B:$B,"RCP8.5",Data!$C:$C,"2045"),2)) | F11: =IF(COUNTIFS(Data!$A:$A,$A11,Data!$B:$B,"RCP4.5",Data!$C:$C,"2095")=0,"n/a",ROUND(AVERAGEIFS(Data!$D:$D,Data!$A:$A,$A11,Data!$B:$B,"RCP4.5",Data!$C:$C,"2095"),2)) | G11: =IF(COUNTIFS(Data!$A:$A,$A11,Data!$B:$B,"RCP8.5",Data!$C:$C,"2095")=0,"n/a",ROUND(AVERAGEIFS(Data!$D:$D,Data!$A:$A,$A11,Data!$B:$B,"RCP8.5",Data!$C:$C,"2095"),2)) | H11: =IF(OR(ISTEXT(B11),ISTEXT(D11)),"n/a",ROUND(D11-B11,2)) | I11: =IF(OR(ISTEXT(C11),ISTEXT(E11)),"n/a",ROUND(E11-C11,2)) | J11: =IF(OR(ISTEXT(B11),ISTEXT(F11)),"n/a",ROUND(F11-B11,2)) | K11: =IF(OR(ISTEXT(C11),ISTEXT(G11)),"n/a",ROUND(G11-C11,2)) | L11: =IF(ISTEXT($K11),"n/a",ROUND($K11*100,0)*1000+(21-ROW()))
A12: Hants | B12: =IF(COUNTIFS(Data!$A:$A,$A12,Data!$B:$B,"RCP4.5",Data!$C:$C,"2010")=0,"n/a",ROUND(AVERAGEIFS(Data!$D:$D,Data!$A:$A,$A12,Data!$B:$B,"RCP4.5",Data!$C:$C,"2010"),2)) | C12: =IF(COUNTIFS(Data!$A:$A,$A12,Data!$B:$B,"RCP8.5",Data!$C:$C,"2010")=0,"n/a",ROUND(AVERAGEIFS(Data!$D:$D,Data!$A:$A,$A12,Data!$B:$B,"RCP8.5",Data!$C:$C,"2010"),2)) | D12: =IF(COUNTIFS(Data!$A:$A,$A12,Data!$B:$B,"RCP4.5",Data!$C:$C,"2045")=0,"n/a",ROUND(AVERAGEIFS(Data!$D:$D,Data!$A:$A,$A12,Data!$B:$B,"RCP4.5",Data!$C:$C,"2045"),2)) | E12: =IF(COUNTIFS(Data!$A:$A,$A12,Data!$B:$B,"RCP8.5",Data!$C:$C,"2045")=0,"n/a",ROUND(AVERAGEIFS(Data!$D:$D,Data!$A:$A,$A12,Data!$B:$B,"RCP8.5",Data!$C:$C,"2045"),2)) | F12: =IF(COUNTIFS(Data!$A:$A,$A12,Data!$B:$B,"RCP4.5",Data!$C:$C,"2095")=0,"n/a",ROUND(AVERAGEIFS(Data!$D:$D,Data!$A:$A,$A12,Data!$B:$B,"RCP4.5",Data!$C:$C,"2095"),2)) | G12: =IF(COUNTIFS(Data!$A:$A,$A12,Data!$B:$B,"RCP8.5",Data!$C:$C,"2095")=0,"n/a",ROUND(AVERAGEIFS(Data!$D:$D,Data!$A:$A,$A12,Data!$B:$B,"RCP8.5",Data!$C:$C,"2095"),2)) | H12: =IF(OR(ISTEXT(B12),ISTEXT(D12)),"n/a",ROUND(D12-B12,2)) | I12: =IF(OR(ISTEXT(C12),ISTEXT(E12)),"n/a",ROUND(E12-C12,2)) | J12: =IF(OR(ISTEXT(B12),ISTEXT(F12)),"n/a",ROUND(F12-B12,2)) | K12: =IF(OR(ISTEXT(C12),ISTEXT(G12)),"n/a",ROUND(G12-C12,2)) | L12: =IF(ISTEXT($K12),"n/a",ROUND($K12*100,0)*1000+(21-ROW()))
A13: Inverness | B13: =IF(COUNTIFS(Data!$A:$A,$A13,Data!$B:$B,"RCP4.5",Data!$C:$C,"2010")=0,"n/a",ROUND(AVERAGEIFS(Data!$D:$D,Data!$A:$A,$A13,Data!$B:$B,"RCP4.5",Data!$C:$C,"2010"),2)) | C13: =IF(COUNTIFS(Data!$A:$A,$A13,Data!$B:$B,"RCP8.5",Data!$C:$C,"2010")=0,"n/a",ROUND(AVERAGEIFS(Data!$D:$D,Data!$A:$A,$A13,Data!$B:$B,"RCP8.5",Data!$C:$C,"2010"),2)) | D13: =IF(COUNTIFS(Data!$A:$A,$A13,Data!$B:$B,"RCP4.5",Data!$C:$C,"2045")=0,"n/a",ROUND(AVERAGEIFS(Data!$D:$D,Data!$A:$A,$A13,Data!$B:$B,"RCP4.5",Data!$C:$C,"2045"),2)) | E13: =IF(COUNTIFS(Data!$A:$A,$A13,Data!$B:$B,"RCP8.5",Data!$C:$C,"2045")=0,"n/a",ROUND(AVERAGEIFS(Data!$D:$D,Data!$A:$A,$A13,Data!$B:$B,"RCP8.5",Data!$C:$C,"2045"),2)) | F13: =IF(COUNTIFS(Data!$A:$A,$A13,Data!$B:$B,"RCP4.5",Data!$C:$C,"2095")=0,"n/a",ROUND(AVERAGEIFS(Data!$D:$D,Data!$A:$A,$A13,Data!$B:$B,"RCP4.5",Data!$C:$C,"2095"),2)) | G13: =IF(COUNTIFS(Data!$A:$A,$A13,Data!$B:$B,"RCP8.5",Data!$C:$C,"2095")=0,"n/a",ROUND(AVERAGEIFS(Data!$D:$D,Data!$A:$A,$A13,Data!$B:$B,"RCP8.5",Data!$C:$C,"2095"),2)) | H13: =IF(OR(ISTEXT(B13),ISTEXT(D13)),"n/a",ROUND(D13-B13,2)) | I13: =IF(OR(ISTEXT(C13),ISTEXT(E13)),"n/a",ROUND(E13-C13,2)) | J13: =IF(OR(ISTEXT(B13),ISTEXT(F13)),"n/a",ROUND(F13-B13,2)) | K13: =IF(OR(ISTEXT(C13),ISTEXT(G13)),"n/a",ROUND(G13-C13,2)) | L13: =IF(ISTEXT($K13),"n/a",ROUND($K13*100,0)*1000+(21-ROW()))
A14: Kings | B14: =IF(COUNTIFS(Data!$A:$A,$A14,Data!$B:$B,"RCP4.5",Data!$C:$C,"2010")=0,"n/a",ROUND(AVERAGEIFS(Data!$D:$D,Data!$A:$A,$A14,Data!$B:$B,"RCP4.5",Data!$C:$C,"2010"),2)) | C14: =IF(COUNTIFS(Data!$A:$A,$A14,Data!$B:$B,"RCP8.5",Data!$C:$C,"2010")=0,"n/a",ROUND(AVERAGEIFS(Data!$D:$D,Data!$A:$A,$A14,Data!$B:$B,"RCP8.5",Data!$C:$C,"2010"),2)) | D14: =IF(COUNTIFS(Data!$A:$A,$A14,Data!$B:$B,"RCP4.5",Data!$C:$C,"2045")=0,"n/a",ROUND(AVERAGEIFS(Data!$D:$D,Data!$A:$A,$A14,Data!$B:$B,"RCP4.5",Data!$C:$C,"2045"),2)) | E14: =IF(COUNTIFS(Data!$A:$A,$A14,Data!$B:$B,"RCP8.5",Data!$C:$C,"2045")=0,"n/a",ROUND(AVERAGEIFS(Data!$D:$D,Data!$A:$A,$A14,Data!$B:$B,"RCP8.5",Data!$C:$C,"2045"),2)) | F14: =IF(COUNTIFS(Data!$A:$A,$A14,Data!$B:$B,"RCP4.5",Data!$C:$C,"2095")=0,"n/a",ROUND(AVERAGEIFS(Data!$D:$D,Data!$A:$A,$A14,Data!$B:$B,"RCP4.5",Data!$C:$C,"2095"),2)) | G14: =IF(COUNTIFS(Data!$A:$A,$A14,Data!$B:$B,"RCP8.5",Data!$C:$C,"2095")=0,"n/a",ROUND(AVERAGEIFS(Data!$D:$D,Data!$A:$A,$A14,Data!$B:$B,"RCP8.5",Data!$C:$C,"2095"),2)) | H14: =IF(OR(ISTEXT(B14),ISTEXT(D14)),"n/a",ROUND(D14-B14,2)) | I14: =IF(OR(ISTEXT(C14),ISTEXT(E14)),"n/a",ROUND(E14-C14,2)) | J14: =IF(OR(ISTEXT(B14),ISTEXT(F14)),"n/a",ROUND(F14-B14,2)) | K14: =IF(OR(ISTEXT(C14),ISTEXT(G14)),"n/a",ROUND(G14-C14,2)) | L14: =IF(ISTEXT($K14),"n/a",ROUND($K14*100,0)*1000+(21-ROW()))
A15: Lunenburg | B15: =IF(COUNTIFS(Data!$A:$A,$A15,Data!$B:$B,"RCP4.5",Data!$C:$C,"2010")=0,"n/a",ROUND(AVERAGEIFS(Data!$D:$D,Data!$A:$A,$A15,Data!$B:$B,"RCP4.5",Data!$C:$C,"2010"),2)) | C15: =IF(COUNTIFS(Data!$A:$A,$A15,Data!$B:$B,"RCP8.5",Data!$C:$C,"2010")=0,"n/a",ROUND(AVERAGEIFS(Data!$D:$D,Data!$A:$A,$A15,Data!$B:$B,"RCP8.5",Data!$C:$C,"2010"),2)) | D15: =IF(COUNTIFS(Data!$A:$A,$A15,Data!$B:$B,"RCP4.5",Data!$C:$C,"2045")=0,"n/a",ROUND(AVERAGEIFS(Data!$D:$D,Data!$A:$A,$A15,Data!$B:$B,"RCP4.5",Data!$C:$C,"2045"),2)) | E15: =IF(COUNTIFS(Data!$A:$A,$A15,Data!$B:$B,"RCP8.5",Data!$C:$C,"2045")=0,"n/a",ROUND(AVERAGEIFS(Data!$D:$D,Data!$A:$A,$A15,Data!$B:$B,"RCP8.5",Data!$C:$C,"2045"),2)) | F15: =IF(COUNTIFS(Data!$A:$A,$A15,Data!$B:$B,"RCP4.5",Data!$C:$C,"2095")=0,"n/a",ROUND(AVERAGEIFS(Data!$D:$D,Data!$A:$A,$A15,Data!$B:$B,"RCP4.5",Data!$C:$C,"2095"),2)) | G15: =IF(COUNTIFS(Data!$A:$A,$A15,Data!$B:$B,"RCP8.5",Data!$C:$C,"2095")=0,"n/a",ROUND(AVERAGEIFS(Data!$D:$D,Data!$A:$A,$A15,Data!$B:$B,"RCP8.5",Data!$C:$C,"2095"),2)) | H15: =IF(OR(ISTEXT(B15),ISTEXT(D15)),"n/a",ROUND(D15-B15,2)) | I15: =IF(OR(ISTEXT(C15),ISTEXT(E15)),"n/a",ROUND(E15-C15,2)) | J15: =IF(OR(ISTEXT(B15),ISTEXT(F15)),"n/a",ROUND(F15-B15,2)) | K15: =IF(OR(ISTEXT(C15),ISTEXT(G15)),"n/a",ROUND(G15-C15,2)) | L15: =IF(ISTEXT($K15),"n/a",ROUND($K15*100,0)*1000+(21-ROW()))
... A21: Yarmouth | B21: =IF(COUNTIFS(Data!$A:$A,$A21,Data!$B:$B,"RCP4.5",Data!$C:$C,"2010")=0,"n/a",ROUND(AVERAGEIFS(Data!$D:$D,Data!$A:$A,$A21,Data!$B:$B,"RCP4.5",Data!$C:$C,"2010"),2)) | C21: =IF(COUNTIFS(Data!$A:$A,$A21,Data!$B:$B,"RCP8.5",Data!$C:$C,"2010")=0,"n/a",ROUND(AVERAGEIFS(Data!$D:$D,Data!$A:$A,$A21,Data!$B:$B,"RCP8.5",Data!$C:$C,"2010"),2)) | D21: =IF(COUNTIFS(Data!$A:$A,$A21,Data!$B:$B,"RCP4.5",Data!$C:$C,"2045")=0,"n/a",ROUND(AVERAGEIFS(Data!$D:$D,Data!$A:$A,$A21,Data!$B:$B,"RCP4.5",Data!$C:$C,"2045"),2)) | E21: =IF(COUNTIFS(Data!$A:$A,$A21,Data!$B:$B,"RCP8.5",Data!$C:$C,"2045")=0,"n/a",ROUND(AVERAGEIFS(Data!$D:$D,Data!$A:$A,$A21,Data!$B:$B,"RCP8.5",Data!$C:$C,"2045"),2)) | F21: =IF(COUNTIFS(Data!$A:$A,$A21,Data!$B:$B,"RCP4.5",Data!$C:$C,"2095")=0,"n/a",ROUND(AVERAGEIFS(Data!$D:$D,Data!$A:$A,$A21,Data!$B:$B,"RCP4.5",Data!$C:$C,"2095"),2)) | G21: =IF(COUNTIFS(Data!$A:$A,$A21,Data!$B:$B,"RCP8.5",Data!$C:$C,"2095")=0,"n/a",ROUND(AVERAGEIFS(Data!$D:$D,Data!$A:$A,$A21,Data!$B:$B,"RCP8.5",Data!$C:$C,"2095"),2)) | H21: =IF(OR(ISTEXT(B21),ISTEXT(D21)),"n/a",ROUND(D21-B21,2)) | I21: =IF(OR(ISTEXT(C21),ISTEXT(E21)),"n/a",ROUND(E21-C21,2)) | J21: =IF(OR(ISTEXT(B21),ISTEXT(F21)),"n/a",ROUND(F21-B21,2)) | K21: =IF(OR(ISTEXT(C21),ISTEXT(G21)),"n/a",ROUND(G21-C21,2)) | L21: =IF(ISTEXT($K21),"n/a",ROUND($K21*100,0)*1000+(21-ROW()))
A23: Counties ranked by 2095 RCP8.5 delta
A24: Rank | B24: Region | C24: Delta (degC)
A25: 1 | B25: =INDEX($A$4:$A$21,MATCH(LARGE($L$4:$L$21,A25),$L$4:$L$21,0)) | C25: =INDEX($K$4:$K$21,MATCH(LARGE($L$4:$L$21,A25),$L$4:$L$21,0))
A26: 2 | B26: =INDEX($A$4:$A$21,MATCH(LARGE($L$4:$L$21,A26),$L$4:$L$21,0)) | C26: =INDEX($K$4:$K$21,MATCH(LARGE($L$4:$L$21,A26),$L$4:$L$21,0))
A27: 3 | B27: =INDEX($A$4:$A$21,MATCH(LARGE($L$4:$L$21,A27),$L$4:$L$21,0)) | C27: =INDEX($K$4:$K$21,MATCH(LARGE($L$4:$L$21,A27),$L$4:$L$21,0))
A28: 4 | B28: =INDEX($A$4:$A$21,MATCH(LARGE($L$4:$L$21,A28),$L$4:$L$21,0)) | C28: =INDEX($K$4:$K$21,MATCH(LARGE($L$4:$L$21,A28),$L$4:$L$21,0))
A29: 5 | B29: =INDEX($A$4:$A$21,MATCH(LARGE($L$4:$L$21,A29),$L$4:$L$21,0)) | C29: =INDEX($K$4:$K$21,MATCH(LARGE($L$4:$L$21,A29),$L$4:$L$21,0))
A30: 6 | B30: =INDEX($A$4:$A$21,MATCH(LARGE($L$4:$L$21,A30),$L$4:$L$21,0)) | C30: =INDEX($K$4:$K$21,MATCH(LARGE($L$4:$L$21,A30),$L$4:$L$21,0))
A31: 7 | B31: =INDEX($A$4:$A$21,MATCH(LARGE($L$4:$L$21,A31),$L$4:$L$21,0)) | C31: =INDEX($K$4:$K$21,MATCH(LARGE($L$4:$L$21,A31),$L$4:$L$21,0))
A32: 8 | B32: =INDEX($A$4:$A$21,MATCH(LARGE($L$4:$L$21,A32),$L$4:$L$21,0)) | C32: =INDEX($K$4:$K$21,MATCH(LARGE($L$4:$L$21,A32),$L$4:$L$21,0))
A33: 9 | B33: =INDEX($A$4:$A$21,MATCH(LARGE($L$4:$L$21,A33),$L$4:$L$21,0)) | C33: =INDEX($K$4:$K$21,MATCH(LARGE($L$4:$L$21,A33),$L$4:$L$21,0))
A34: 10 | B34: =INDEX($A$4:$A$21,MATCH(LARGE($L$4:$L$21,A34),$L$4:$L$21,0)) | C34: =INDEX($K$4:$K$21,MATCH(LARGE($L$4:$L$21,A34),$L$4:$L$21,0))
A35: 11 | B35: =INDEX($A$4:$A$21,MATCH(LARGE($L$4:$L$21,A35),$L$4:$L$21,0)) | C35: =INDEX($K$4:$K$21,MATCH(LARGE($L$4:$L$21,A35),$L$4:$L$21,0))
A36: 12 | B36: =INDEX($A$4:$A$21,MATCH(LARGE($L$4:$L$21,A36),$L$4:$L$21,0)) | C36: =INDEX($K$4:$K$21,MATCH(LARGE($L$4:$L$21,A36),$L$4:$L$21,0))
... A42: 18 | B42: =INDEX($A$4:$A$21,MATCH(LARGE($L$4:$L$21,A42),$L$4:$L$21,0)) | C42: =INDEX($K$4:$K$21,MATCH(LARGE($L$4:$L$21,A42),$L$4:$L$21,0))
A44: Headline
A45: Largest 2095 RCP8.5 delta, region | B45: =B25
A46: Largest 2095 RCP8.5 delta (degC) | B46: =C25
A47: Average 2095 delta, RCP4.5 (degC) | B47: =ROUND(AVERAGE($J$4:$J$21),2)
A48: Average 2095 delta, RCP8.5 (degC) | B48: =ROUND(AVERAGE($K$4:$K$21),2)
A49: Scenario gap at 2095 (degC) | B49: =ROUND(B48-B47,2)
