Workbook

Sheet Data
A1: fiscal_year | B1: services_rendered | C1: amount_paid | D1: persons_insured | E1: beneficiaries
A2: 2008-2009 | B2: 166985 | C2: 3862361 | D2: 84400 | E2: 38669
A3: 2009-2010 | B3: 162460 | C3: 3892382 | D3: 89260 | E3: 38516
A4: 2010-2011 | B4: 161083 | C4: 3906419 | D4: 89100 | E4: 37612
A5: 2011-2012 | B5: 161107 | C5: 3942373 | D5: 90078 | E5: 37828
A6: 2012-2013 | B6: 160767 | C6: 4026471 | D6: 89560 | E6: 37911
A7: 2013-2014 | B7: 215470 | C7: 5262008 | D7: 124751 | E7: 52606
A8: 2014-2015 | B8: 236863 | C8: 6045840 | D8: 132800 | E8: 58119
A9: 2015-2016 | B9: 273147 | C9: 6810366 | D9: 132400 | E9: 62475
A10: 2016-2017 | B10: 199957 | C10: 6381381 | D10: 133644 | E10: 58931
A11: 2017-2018 | B11: 185840 | C11: 6249392 | D11: 132967 | E11: 56025
A12: 2018-2019 | B12: 173825 | C12: 6132934 | D12: 135700 | E12: 53212
A13: 2019-2020 | B13: 166531 | C13: 6405982 | D13: 136647 | E13: 49776
... A17: 2023-2024 | B17: 176675 | C17: 9838018 | D17: 162896 | E17: 43927

Sheet Model
A1: Children's dental utilization model
A3: Fiscal year | B3: Year start | C3: Amount paid ($) | D3: Beneficiaries | E3: Paid per beneficiary ($) | F3: Persons insured | G3: Coverage rate (%)
A4: =Data!A2 | B4: =VALUE(LEFT(Data!A2,4)) | C4: =Data!C2 | D4: =Data!E2 | E4: =ROUND(Data!C2/Data!E2,2) | F4: =Data!D2 | G4: =ROUND(Data!E2/Data!D2*100,2)
A5: =Data!A3 | B5: =VALUE(LEFT(Data!A3,4)) | C5: =Data!C3 | D5: =Data!E3 | E5: =ROUND(Data!C3/Data!E3,2) | F5: =Data!D3 | G5: =ROUND(Data!E3/Data!D3*100,2)
A6: =Data!A4 | B6: =VALUE(LEFT(Data!A4,4)) | C6: =Data!C4 | D6: =Data!E4 | E6: =ROUND(Data!C4/Data!E4,2) | F6: =Data!D4 | G6: =ROUND(Data!E4/Data!D4*100,2)
A7: =Data!A5 | B7: =VALUE(LEFT(Data!A5,4)) | C7: =Data!C5 | D7: =Data!E5 | E7: =ROUND(Data!C5/Data!E5,2) | F7: =Data!D5 | G7: =ROUND(Data!E5/Data!D5*100,2)
A8: =Data!A6 | B8: =VALUE(LEFT(Data!A6,4)) | C8: =Data!C6 | D8: =Data!E6 | E8: =ROUND(Data!C6/Data!E6,2) | F8: =Data!D6 | G8: =ROUND(Data!E6/Data!D6*100,2)
A9: =Data!A7 | B9: =VALUE(LEFT(Data!A7,4)) | C9: =Data!C7 | D9: =Data!E7 | E9: =ROUND(Data!C7/Data!E7,2) | F9: =Data!D7 | G9: =ROUND(Data!E7/Data!D7*100,2)
A10: =Data!A8 | B10: =VALUE(LEFT(Data!A8,4)) | C10: =Data!C8 | D10: =Data!E8 | E10: =ROUND(Data!C8/Data!E8,2) | F10: =Data!D8 | G10: =ROUND(Data!E8/Data!D8*100,2)
A11: =Data!A9 | B11: =VALUE(LEFT(Data!A9,4)) | C11: =Data!C9 | D11: =Data!E9 | E11: =ROUND(Data!C9/Data!E9,2) | F11: =Data!D9 | G11: =ROUND(Data!E9/Data!D9*100,2)
A12: =Data!A10 | B12: =VALUE(LEFT(Data!A10,4)) | C12: =Data!C10 | D12: =Data!E10 | E12: =ROUND(Data!C10/Data!E10,2) | F12: =Data!D10 | G12: =ROUND(Data!E10/Data!D10*100,2)
A13: =Data!A11 | B13: =VALUE(LEFT(Data!A11,4)) | C13: =Data!C11 | D13: =Data!E11 | E13: =ROUND(Data!C11/Data!E11,2) | F13: =Data!D11 | G13: =ROUND(Data!E11/Data!D11*100,2)
A14: =Data!A12 | B14: =VALUE(LEFT(Data!A12,4)) | C14: =Data!C12 | D14: =Data!E12 | E14: =ROUND(Data!C12/Data!E12,2) | F14: =Data!D12 | G14: =ROUND(Data!E12/Data!D12*100,2)
A15: =Data!A13 | B15: =VALUE(LEFT(Data!A13,4)) | C15: =Data!C13 | D15: =Data!E13 | E15: =ROUND(Data!C13/Data!E13,2) | F15: =Data!D13 | G15: =ROUND(Data!E13/Data!D13*100,2)
... A19: =Data!A17 | B19: =VALUE(LEFT(Data!A17,4)) | C19: =Data!C17 | D19: =Data!E17 | E19: =ROUND(Data!C17/Data!E17,2) | F19: =Data!D17 | G19: =ROUND(Data!E17/Data!D17*100,2)
A21: Totals
A22: Total amount paid ($) | B22: =SUM(Data!C2:C17)
A23: Total beneficiaries | B23: =SUM(Data!E2:E17)
A24: Overall paid per beneficiary ($) | B24: =ROUND(SUM(Data!C2:C17)/SUM(Data!E2:E17),2)
A26: Trend and projection (least squares over observed years)
A27: Slope ($ per year) | B27: =ROUND(SLOPE($E$4:$E$19,$B$4:$B$19),6)
A28: Intercept ($) | B28: =ROUND(INTERCEPT($E$4:$E$19,$B$4:$B$19),6)
A29: Projected period | B29: Year start | C29: Projected paid per beneficiary ($)
A30: =TEXT(B30,"0")&"-"&TEXT(B30+1,"0") | B30: =B19+1 | C30: =ROUND(INTERCEPT($E$4:$E$19,$B$4:$B$19)+SLOPE($E$4:$E$19,$B$4:$B$19)*B30,2)
A31: =TEXT(B31,"0")&"-"&TEXT(B31+1,"0") | B31: =B19+2 | C31: =ROUND(INTERCEPT($E$4:$E$19,$B$4:$B$19)+SLOPE($E$4:$E$19,$B$4:$B$19)*B31,2)
A33: Headline
A34: Latest fiscal year | B34: =A19
A35: Latest paid per beneficiary ($) | B35: =E19
A36: Change since first year (%) | B36: =ROUND((E19-E4)/E4*100,2)
A37: Next projected paid per beneficiary ($) | B37: =C30
